employee_id,password
DEMO-1002,0001
DEMO-1003,0002
DEMO-1004,0003
DEMO-1005,0004
DEMO-1006,0005
DEMO-1007,0006
DEMO-1008,0007
DEMO-1009,0008
DEMO-1010,0009
DEMO-1011,0010
DEMO-1012,0011
DEMO-1013,0012
DEMO-1014,0013
DEMO-1015,0014
DEMO-1016,0015
DEMO-1017,0016
DEMO-1018,0017
DEMO-1019,0018
DEMO-1020,0019
DEMO-1021,0020
DEMO-1022,0021
DEMO-1023,0022
DEMO-1024,0023
DEMO-1025,0024
DEMO-1026,0025
DEMO-1027,0026
DEMO-1028,0027
DEMO-1029,0028
DEMO-1030,0029
DEMO-1031,0030
DEMO-1032,0031
DEMO-1033,0032
DEMO-1034,0033
DEMO-1035,0034
DEMO-1036,0035
DEMO-1037,0036
DEMO-1038,0037
DEMO-1039,0038
DEMO-1040,0039
DEMO-1041,0040
DEMO-1042,0041
DEMO-1043,0042
DEMO-1044,0043
DEMO-1045,0044
DEMO-1046,0045
DEMO-1047,0046
DEMO-1048,0047
DEMO-1049,0048
DEMO-1050,0049
DEMO-1051,1108
